label,sequence,predicted_score
203F:116G:11K:156Y,MSKGEELFTGVKPILVELDGDVNGHKFSVSGEGEGDATYGKLTLKFICTTGKLPVPWPTLVTTLSYGVQCFSRYPDHMKQHDFFKSAMPEGYVQERTIFFKDDGNYKTRAEVKFEGGTLVNRIELKGIDFKEDGNILGHKLEYNYNSHNVYIMADKYKNGIKVNFKIRHNIEDGSVQLADHYQQNTPIGDGPVLLPDNHYLSTFSALSKDPNEKRDHMVLLEFVTAAGITHGMDELYK,4.069393
191G:104Q:197M:232W,MSKGEELFTGVVPILVELDGDVNGHKFSVSGEGEGDATYGKLTLKFICTTGKLPVPWPTLVTTLSYGVQCFSRYPDHMKQHDFFKSAMPEGYVQERTIFFKDDGQYKTRAEVKFEGDTLVNRIELKGIDFKEDGNILGHKLEYNYNSHNVYIMADKQKNGIKVNFKIRHNIEDGSVQLADHYQQNTPIGDGGVLLPDMHYLSTQSALSKDPNEKRDHMVLLEFVTAAGITHGWDELYK,3.9643793
230L:131I:6C:10Y,MSKGEECFTGYVPILVELDGDVNGHKFSVSGEGEGDATYGKLTLKFICTTGKLPVPWPTLVTTLSYGVQCFSRYPDHMKQHDFFKSAMPEGYVQERTIFFKDDGNYKTRAEVKFEGDTLVNRIELKGIDFKIDGNILGHKLEYNYNSHNVYIMADKQKNGIKVNFKIRHNIEDGSVQLADHYQQNTPIGDGPVLLPDNHYLSTQSALSKDPNEKRDHMVLLEFVTAAGITLGMDELYK,3.868021
127A:224A:57Q:235M,MSKGEELFTGVVPILVELDGDVNGHKFSVSGEGEGDATYGKLTLKFICTTGKLPVPWQTLVTTLSYGVQCFSRYPDHMKQHDFFKSAMPEGYVQERTIFFKDDGNYKTRAEVKFEGDTLVNRIELKGADFKEDGNILGHKLEYNYNSHNVYIMADKQKNGIKVNFKIRHNIEDGSVQLADHYQQNTPIGDGPVLLPDNHYLSTQSALSKDPNEKRDHMVLLEFVAAAGITHGMDEMYK,3.629906
210F:236K:132K:232W,MSKGEELFTGVVPILVELDGDVNGHKFSVSGEGEGDATYGKLTLKFICTTGKLPVPWPTLVTTLSYGVQCFSRYPDHMKQHDFFKSAMPEGYVQERTIFFKDDGNYKTRAEVKFEGDTLVNRIELKGIDFKEKGNILGHKLEYNYNSHNVYIMADKQKNGIKVNFKIRHNIEDGSVQLADHYQQNTPIGDGPVLLPDNHYLSTQSALSKDFNEKRDHMVLLEFVTAAGITHGWDELKK,3.6293871
114Y:227N:2Q:100N,MSQGEELFTGVVPILVELDGDVNGHKFSVSGEGEGDATYGKLTLKFICTTGKLPVPWPTLVTTLSYGVQCFSRYPDHMKQHDFFKSAMPEGYVQERTIFFNDDGNYKTRAEVKFYGDTLVNRIELKGIDFKEDGNILGHKLEYNYNSHNVYIMADKQKNGIKVNFKIRHNIEDGSVQLADHYQQNTPIGDGPVLLPDNHYLSTQSALSKDPNEKRDHMVLLEFVTAANITHGMDELYK,3.6162002
80K:211Y:202I:31S,MSKGEELFTGVVPILVELDGDVNGHKFSVSGSGEGDATYGKLTLKFICTTGKLPVPWPTLVTTLSYGVQCFSRYPDHMKQKDFFKSAMPEGYVQERTIFFKDDGNYKTRAEVKFEGDTLVNRIELKGIDFKEDGNILGHKLEYNYNSHNVYIMADKQKNGIKVNFKIRHNIEDGSVQLADHYQQNTPIGDGPVLLPDNHYLSIQSALSKDPYEKRDHMVLLEFVTAAGITHGMDELYK,3.593283
1Y:228A:45V:214H,MYKGEELFTGVVPILVELDGDVNGHKFSVSGEGEGDATYGKLTLKVICTTGKLPVPWPTLVTTLSYGVQCFSRYPDHMKQHDFFKSAMPEGYVQERTIFFKDDGNYKTRAEVKFEGDTLVNRIELKGIDFKEDGNILGHKLEYNYNSHNVYIMADKQKNGIKVNFKIRHNIEDGSVQLADHYQQNTPIGDGPVLLPDNHYLSTQSALSKDPNEKHDHMVLLEFVTAAGATHGMDELYK,3.57919
67L:237R:163F:179H,MSKGEELFTGVVPILVELDGDVNGHKFSVSGEGEGDATYGKLTLKFICTTGKLPVPWPTLVTTLSYGLQCFSRYPDHMKQHDFFKSAMPEGYVQERTIFFKDDGNYKTRAEVKFEGDTLVNRIELKGIDFKEDGNILGHKLEYNYNSHNVYIMADKQKNGIKVFFKIRHNIEDGSVQLAHHYQQNTPIGDGPVLLPDNHYLSTQSALSKDPNEKRDHMVLLEFVTAAGITHGMDELYR,3.5405595
166A:98S:3S:152Y,MSKSEELFTGVVPILVELDGDVNGHKFSVSGEGEGDATYGKLTLKFICTTGKLPVPWPTLVTTLSYGVQCFSRYPDHMKQHDFFKSAMPEGYVQERTISFKDDGNYKTRAEVKFEGDTLVNRIELKGIDFKEDGNILGHKLEYNYNSHNVYIYADKQKNGIKVNFKARHNIEDGSVQLADHYQQNTPIGDGPVLLPDNHYLSTQSALSKDPNEKRDHMVLLEFVTAAGITHGMDELYK,3.5402396
33K:131R:31F:22M,MSKGEELFTGVVPILVELDGDVMGHKFSVSGFGKGDATYGKLTLKFICTTGKLPVPWPTLVTTLSYGVQCFSRYPDHMKQHDFFKSAMPEGYVQERTIFFKDDGNYKTRAEVKFEGDTLVNRIELKGIDFKRDGNILGHKLEYNYNSHNVYIMADKQKNGIKVNFKIRHNIEDGSVQLADHYQQNTPIGDGPVLLPDNHYLSTQSALSKDPNEKRDHMVLLEFVTAAGITHGMDELYK,3.509558
165G:226Q:107M:3V,MSKVEELFTGVVPILVELDGDVNGHKFSVSGEGEGDATYGKLTLKFICTTGKLPVPWPTLVTTLSYGVQCFSRYPDHMKQHDFFKSAMPEGYVQERTIFFKDDGNYKMRAEVKFEGDTLVNRIELKGIDFKEDGNILGHKLEYNYNSHNVYIMADKQKNGIKVNFGIRHNIEDGSVQLADHYQQNTPIGDGPVLLPDNHYLSTQSALSKDPNEKRDHMVLLEFVTAQGITHGMDELYK,3.5036104
177P:29M:230P:188K,MSKGEELFTGVVPILVELDGDVNGHKFSVMGEGEGDATYGKLTLKFICTTGKLPVPWPTLVTTLSYGVQCFSRYPDHMKQHDFFKSAMPEGYVQERTIFFKDDGNYKTRAEVKFEGDTLVNRIELKGIDFKEDGNILGHKLEYNYNSHNVYIMADKQKNGIKVNFKIRHNIEDGSVQPADHYQQNTPIKDGPVLLPDNHYLSTQSALSKDPNEKRDHMVLLEFVTAAGITPGMDELYK,3.5007355
4H:55D:125C:46T,MSKGHELFTGVVPILVELDGDVNGHKFSVSGEGEGDATYGKLTLKFTCTTGKLPVDWPTLVTTLSYGVQCFSRYPDHMKQHDFFKSAMPEGYVQERTIFFKDDGNYKTRAEVKFEGDTLVNRIELCGIDFKEDGNILGHKLEYNYNSHNVYIMADKQKNGIKVNFKIRHNIEDGSVQLADHYQQNTPIGDGPVLLPDNHYLSTQSALSKDPNEKRDHMVLLEFVTAAGITHGMDELYK,3.499653
67D:198W:89T:127Y,MSKGEELFTGVVPILVELDGDVNGHKFSVSGEGEGDATYGKLTLKFICTTGKLPVPWPTLVTTLSYGDQCFSRYPDHMKQHDFFKSAMPTGYVQERTIFFKDDGNYKTRAEVKFEGDTLVNRIELKGYDFKEDGNILGHKLEYNYNSHNVYIMADKQKNGIKVNFKIRHNIEDGSVQLADHYQQNTPIGDGPVLLPDNWYLSTQSALSKDPNEKRDHMVLLEFVTAAGITHGMDELYK,3.4919837
139T:24V:177Y:167L,MSKGEELFTGVVPILVELDGDVNGVKFSVSGEGEGDATYGKLTLKFICTTGKLPVPWPTLVTTLSYGVQCFSRYPDHMKQHDFFKSAMPEGYVQERTIFFKDDGNYKTRAEVKFEGDTLVNRIELKGIDFKEDGNILGHTLEYNYNSHNVYIMADKQKNGIKVNFKILHNIEDGSVQYADHYQQNTPIGDGPVLLPDNHYLSTQSALSKDPNEKRDHMVLLEFVTAAGITHGMDELYK,3.4918792
139C:152H:203K:28L,MSKGEELFTGVVPILVELDGDVNGHKFSLSGEGEGDATYGKLTLKFICTTGKLPVPWPTLVTTLSYGVQCFSRYPDHMKQHDFFKSAMPEGYVQERTIFFKDDGNYKTRAEVKFEGDTLVNRIELKGIDFKEDGNILGHCLEYNYNSHNVYIHADKQKNGIKVNFKIRHNIEDGSVQLADHYQQNTPIGDGPVLLPDNHYLSTKSALSKDPNEKRDHMVLLEFVTAAGITHGMDELYK,3.4848282
77I:130H:72F:180N,MSKGEELFTGVVPILVELDGDVNGHKFSVSGEGEGDATYGKLTLKFICTTGKLPVPWPTLVTTLSYGVQCFSFYPDHIKQHDFFKSAMPEGYVQERTIFFKDDGNYKTRAEVKFEGDTLVNRIELKGIDFHEDGNILGHKLEYNYNSHNVYIMADKQKNGIKVNFKIRHNIEDGSVQLADNYQQNTPIGDGPVLLPDNHYLSTQSALSKDPNEKRDHMVLLEFVTAAGITHGMDELYK,3.4825044
115S:100F:16R:55D,MSKGEELFTGVVPILVRLDGDVNGHKFSVSGEGEGDATYGKLTLKFICTTGKLPVDWPTLVTTLSYGVQCFSRYPDHMKQHDFFKSAMPEGYVQERTIFFFDDGNYKTRAEVKFESDTLVNRIELKGIDFKEDGNILGHKLEYNYNSHNVYIMADKQKNGIKVNFKIRHNIEDGSVQLADHYQQNTPIGDGPVLLPDNHYLSTQSALSKDPNEKRDHMVLLEFVTAAGITHGMDELYK,3.4823325
163H:146N:72G:210S,MSKGEELFTGVVPILVELDGDVNGHKFSVSGEGEGDATYGKLTLKFICTTGKLPVPWPTLVTTLSYGVQCFSGYPDHMKQHDFFKSAMPEGYVQERTIFFKDDGNYKTRAEVKFEGDTLVNRIELKGIDFKEDGNILGHKLEYNYNNHNVYIMADKQKNGIKVHFKIRHNIEDGSVQLADHYQQNTPIGDGPVLLPDNHYLSTQSALSKDSNEKRDHMVLLEFVTAAGITHGMDELYK,3.479194
230P:0K:141P:3M,KSKMEELFTGVVPILVELDGDVNGHKFSVSGEGEGDATYGKLTLKFICTTGKLPVPWPTLVTTLSYGVQCFSRYPDHMKQHDFFKSAMPEGYVQERTIFFKDDGNYKTRAEVKFEGDTLVNRIELKGIDFKEDGNILGHKLPYNYNSHNVYIMADKQKNGIKVNFKIRHNIEDGSVQLADHYQQNTPIGDGPVLLPDNHYLSTQSALSKDPNEKRDHMVLLEFVTAAGITPGMDELYK,3.4717233
186N:192F:206F:112R,MSKGEELFTGVVPILVELDGDVNGHKFSVSGEGEGDATYGKLTLKFICTTGKLPVPWPTLVTTLSYGVQCFSRYPDHMKQHDFFKSAMPEGYVQERTIFFKDDGNYKTRAEVRFEGDTLVNRIELKGIDFKEDGNILGHKLEYNYNSHNVYIMADKQKNGIKVNFKIRHNIEDGSVQLADHYQQNTNIGDGPFLLPDNHYLSTQSAFSKDPNEKRDHMVLLEFVTAAGITHGMDELYK,3.4659336
85A:112M:72Q:196V,MSKGEELFTGVVPILVELDGDVNGHKFSVSGEGEGDATYGKLTLKFICTTGKLPVPWPTLVTTLSYGVQCFSQYPDHMKQHDFFKAAMPEGYVQERTIFFKDDGNYKTRAEVMFEGDTLVNRIELKGIDFKEDGNILGHKLEYNYNSHNVYIMADKQKNGIKVNFKIRHNIEDGSVQLADHYQQNTPIGDGPVLLPVNHYLSTQSALSKDPNEKRDHMVLLEFVTAAGITHGMDELYK,3.46335
63F:106N:49G:134C,MSKGEELFTGVVPILVELDGDVNGHKFSVSGEGEGDATYGKLTLKFICTGGKLPVPWPTLVTTFSYGVQCFSRYPDHMKQHDFFKSAMPEGYVQERTIFFKDDGNYNTRAEVKFEGDTLVNRIELKGIDFKEDGCILGHKLEYNYNSHNVYIMADKQKNGIKVNFKIRHNIEDGSVQLADHYQQNTPIGDGPVLLPDNHYLSTQSALSKDPNEKRDHMVLLEFVTAAGITHGMDELYK,3.451067
205Y:31F:196E:89Y,MSKGEELFTGVVPILVELDGDVNGHKFSVSGFGEGDATYGKLTLKFICTTGKLPVPWPTLVTTLSYGVQCFSRYPDHMKQHDFFKSAMPYGYVQERTIFFKDDGNYKTRAEVKFEGDTLVNRIELKGIDFKEDGNILGHKLEYNYNSHNVYIMADKQKNGIKVNFKIRHNIEDGSVQLADHYQQNTPIGDGPVLLPENHYLSTQSYLSKDPNEKRDHMVLLEFVTAAGITHGMDELYK,3.4485002
20L:121C:201C:227D,MSKGEELFTGVVPILVELDGLVNGHKFSVSGEGEGDATYGKLTLKFICTTGKLPVPWPTLVTTLSYGVQCFSRYPDHMKQHDFFKSAMPEGYVQERTIFFKDDGNYKTRAEVKFEGDTLVNCIELKGIDFKEDGNILGHKLEYNYNSHNVYIMADKQKNGIKVNFKIRHNIEDGSVQLADHYQQNTPIGDGPVLLPDNHYLCTQSALSKDPNEKRDHMVLLEFVTAADITHGMDELYK,3.4447882
41F:136M:156M:191I,MSKGEELFTGVVPILVELDGDVNGHKFSVSGEGEGDATYGKFTLKFICTTGKLPVPWPTLVTTLSYGVQCFSRYPDHMKQHDFFKSAMPEGYVQERTIFFKDDGNYKTRAEVKFEGDTLVNRIELKGIDFKEDGNIMGHKLEYNYNSHNVYIMADKMKNGIKVNFKIRHNIEDGSVQLADHYQQNTPIGDGIVLLPDNHYLSTQSALSKDPNEKRDHMVLLEFVTAAGITHGMDELYK,3.4376123
157E:205S:165T:203E,MSKGEELFTGVVPILVELDGDVNGHKFSVSGEGEGDATYGKLTLKFICTTGKLPVPWPTLVTTLSYGVQCFSRYPDHMKQHDFFKSAMPEGYVQERTIFFKDDGNYKTRAEVKFEGDTLVNRIELKGIDFKEDGNILGHKLEYNYNSHNVYIMADKQENGIKVNFTIRHNIEDGSVQLADHYQQNTPIGDGPVLLPDNHYLSTESSLSKDPNEKRDHMVLLEFVTAAGITHGMDELYK,3.422116
146T:10H:177P:9E,MSKGEELFTEHVPILVELDGDVNGHKFSVSGEGEGDATYGKLTLKFICTTGKLPVPWPTLVTTLSYGVQCFSRYPDHMKQHDFFKSAMPEGYVQERTIFFKDDGNYKTRAEVKFEGDTLVNRIELKGIDFKEDGNILGHKLEYNYNTHNVYIMADKQKNGIKVNFKIRHNIEDGSVQPADHYQQNTPIGDGPVLLPDNHYLSTQSALSKDPNEKRDHMVLLEFVTAAGITHGMDELYK,3.4149673
172N:11T:37N:159H,MSKGEELFTGVTPILVELDGDVNGHKFSVSGEGEGDANYGKLTLKFICTTGKLPVPWPTLVTTLSYGVQCFSRYPDHMKQHDFFKSAMPEGYVQERTIFFKDDGNYKTRAEVKFEGDTLVNRIELKGIDFKEDGNILGHKLEYNYNSHNVYIMADKQKNHIKVNFKIRHNIENGSVQLADHYQQNTPIGDGPVLLPDNHYLSTQSALSKDPNEKRDHMVLLEFVTAAGITHGMDELYK,3.3945935
193H:187A:98M:72V,MSKGEELFTGVVPILVELDGDVNGHKFSVSGEGEGDATYGKLTLKFICTTGKLPVPWPTLVTTLSYGVQCFSVYPDHMKQHDFFKSAMPEGYVQERTIMFKDDGNYKTRAEVKFEGDTLVNRIELKGIDFKEDGNILGHKLEYNYNSHNVYIMADKQKNGIKVNFKIRHNIEDGSVQLADHYQQNTPAGDGPVHLPDNHYLSTQSALSKDPNEKRDHMVLLEFVTAAGITHGMDELYK,3.3726103
152R:205F:27Q:208S,MSKGEELFTGVVPILVELDGDVNGHKFQVSGEGEGDATYGKLTLKFICTTGKLPVPWPTLVTTLSYGVQCFSRYPDHMKQHDFFKSAMPEGYVQERTIFFKDDGNYKTRAEVKFEGDTLVNRIELKGIDFKEDGNILGHKLEYNYNSHNVYIRADKQKNGIKVNFKIRHNIEDGSVQLADHYQQNTPIGDGPVLLPDNHYLSTQSFLSSDPNEKRDHMVLLEFVTAAGITHGMDELYK,3.3696864
199V:191C:2P:230T,MSPGEELFTGVVPILVELDGDVNGHKFSVSGEGEGDATYGKLTLKFICTTGKLPVPWPTLVTTLSYGVQCFSRYPDHMKQHDFFKSAMPEGYVQERTIFFKDDGNYKTRAEVKFEGDTLVNRIELKGIDFKEDGNILGHKLEYNYNSHNVYIMADKQKNGIKVNFKIRHNIEDGSVQLADHYQQNTPIGDGCVLLPDNHVLSTQSALSKDPNEKRDHMVLLEFVTAAGITTGMDELYK,3.36919
133F:11C:170N:179T,MSKGEELFTGVCPILVELDGDVNGHKFSVSGEGEGDATYGKLTLKFICTTGKLPVPWPTLVTTLSYGVQCFSRYPDHMKQHDFFKSAMPEGYVQERTIFFKDDGNYKTRAEVKFEGDTLVNRIELKGIDFKEDFNILGHKLEYNYNSHNVYIMADKQKNGIKVNFKIRHNNEDGSVQLATHYQQNTPIGDGPVLLPDNHYLSTQSALSKDPNEKRDHMVLLEFVTAAGITHGMDELYK,3.3657486
48M:131H:100S:157M,MSKGEELFTGVVPILVELDGDVNGHKFSVSGEGEGDATYGKLTLKFICMTGKLPVPWPTLVTTLSYGVQCFSRYPDHMKQHDFFKSAMPEGYVQERTIFFSDDGNYKTRAEVKFEGDTLVNRIELKGIDFKHDGNILGHKLEYNYNSHNVYIMADKQMNGIKVNFKIRHNIEDGSVQLADHYQQNTPIGDGPVLLPDNHYLSTQSALSKDPNEKRDHMVLLEFVTAAGITHGMDELYK,3.3144975
98L:3Q:5F:45N,MSKQEFLFTGVVPILVELDGDVNGHKFSVSGEGEGDATYGKLTLKNICTTGKLPVPWPTLVTTLSYGVQCFSRYPDHMKQHDFFKSAMPEGYVQERTILFKDDGNYKTRAEVKFEGDTLVNRIELKGIDFKEDGNILGHKLEYNYNSHNVYIMADKQKNGIKVNFKIRHNIEDGSVQLADHYQQNTPIGDGPVLLPDNHYLSTQSALSKDPNEKRDHMVLLEFVTAAGITHGMDELYK,3.3131812
60A:233Q:155N:143Y,MSKGEELFTGVVPILVELDGDVNGHKFSVSGEGEGDATYGKLTLKFICTTGKLPVPWPTLATTLSYGVQCFSRYPDHMKQHDFFKSAMPEGYVQERTIFFKDDGNYKTRAEVKFEGDTLVNRIELKGIDFKEDGNILGHKLEYYYNSHNVYIMADNQKNGIKVNFKIRHNIEDGSVQLADHYQQNTPIGDGPVLLPDNHYLSTQSALSKDPNEKRDHMVLLEFVTAAGITHGMQELYK,3.30841
96E:205H:5L:59M,MSKGELLFTGVVPILVELDGDVNGHKFSVSGEGEGDATYGKLTLKFICTTGKLPVPWPTMVTTLSYGVQCFSRYPDHMKQHDFFKSAMPEGYVQEREIFFKDDGNYKTRAEVKFEGDTLVNRIELKGIDFKEDGNILGHKLEYNYNSHNVYIMADKQKNGIKVNFKIRHNIEDGSVQLADHYQQNTPIGDGPVLLPDNHYLSTQSHLSKDPNEKRDHMVLLEFVTAAGITHGMDELYK,3.2966387
44N:143R:36Y:152T,MSKGEELFTGVVPILVELDGDVNGHKFSVSGEGEGDYTYGKLTLNFICTTGKLPVPWPTLVTTLSYGVQCFSRYPDHMKQHDFFKSAMPEGYVQERTIFFKDDGNYKTRAEVKFEGDTLVNRIELKGIDFKEDGNILGHKLEYRYNSHNVYITADKQKNGIKVNFKIRHNIEDGSVQLADHYQQNTPIGDGPVLLPDNHYLSTQSALSKDPNEKRDHMVLLEFVTAAGITHGMDELYK,3.2960231
155R:154Q:104S:64M,MSKGEELFTGVVPILVELDGDVNGHKFSVSGEGEGDATYGKLTLKFICTTGKLPVPWPTLVTTLMYGVQCFSRYPDHMKQHDFFKSAMPEGYVQERTIFFKDDGSYKTRAEVKFEGDTLVNRIELKGIDFKEDGNILGHKLEYNYNSHNVYIMAQRQKNGIKVNFKIRHNIEDGSVQLADHYQQNTPIGDGPVLLPDNHYLSTQSALSKDPNEKRDHMVLLEFVTAAGITHGMDELYK,3.293454
10H:18L:197A:74T,MSKGEELFTGHVPILVELLGDVNGHKFSVSGEGEGDATYGKLTLKFICTTGKLPVPWPTLVTTLSYGVQCFSRYTDHMKQHDFFKSAMPEGYVQERTIFFKDDGNYKTRAEVKFEGDTLVNRIELKGIDFKEDGNILGHKLEYNYNSHNVYIMADKQKNGIKVNFKIRHNIEDGSVQLADHYQQNTPIGDGPVLLPDAHYLSTQSALSKDPNEKRDHMVLLEFVTAAGITHGMDELYK,3.2922585
213L:74A:201L:89M,MSKGEELFTGVVPILVELDGDVNGHKFSVSGEGEGDATYGKLTLKFICTTGKLPVPWPTLVTTLSYGVQCFSRYADHMKQHDFFKSAMPMGYVQERTIFFKDDGNYKTRAEVKFEGDTLVNRIELKGIDFKEDGNILGHKLEYNYNSHNVYIMADKQKNGIKVNFKIRHNIEDGSVQLADHYQQNTPIGDGPVLLPDNHYLLTQSALSKDPNELRDHMVLLEFVTAAGITHGMDELYK,3.291238
130H:76A:28I:61N,MSKGEELFTGVVPILVELDGDVNGHKFSISGEGEGDATYGKLTLKFICTTGKLPVPWPTLVNTLSYGVQCFSRYPDAMKQHDFFKSAMPEGYVQERTIFFKDDGNYKTRAEVKFEGDTLVNRIELKGIDFHEDGNILGHKLEYNYNSHNVYIMADKQKNGIKVNFKIRHNIEDGSVQLADHYQQNTPIGDGPVLLPDNHYLSTQSALSKDPNEKRDHMVLLEFVTAAGITHGMDELYK,3.2911866
127Q:158V:41F:58W,MSKGEELFTGVVPILVELDGDVNGHKFSVSGEGEGDATYGKFTLKFICTTGKLPVPWPWLVTTLSYGVQCFSRYPDHMKQHDFFKSAMPEGYVQERTIFFKDDGNYKTRAEVKFEGDTLVNRIELKGQDFKEDGNILGHKLEYNYNSHNVYIMADKQKVGIKVNFKIRHNIEDGSVQLADHYQQNTPIGDGPVLLPDNHYLSTQSALSKDPNEKRDHMVLLEFVTAAGITHGMDELYK,3.287761
42S:158T:143K:161M,MSKGEELFTGVVPILVELDGDVNGHKFSVSGEGEGDATYGKLSLKFICTTGKLPVPWPTLVTTLSYGVQCFSRYPDHMKQHDFFKSAMPEGYVQERTIFFKDDGNYKTRAEVKFEGDTLVNRIELKGIDFKEDGNILGHKLEYKYNSHNVYIMADKQKTGIMVNFKIRHNIEDGSVQLADHYQQNTPIGDGPVLLPDNHYLSTQSALSKDPNEKRDHMVLLEFVTAAGITHGMDELYK,3.2553856
24V:125F:236E:237W,MSKGEELFTGVVPILVELDGDVNGVKFSVSGEGEGDATYGKLTLKFICTTGKLPVPWPTLVTTLSYGVQCFSRYPDHMKQHDFFKSAMPEGYVQERTIFFKDDGNYKTRAEVKFEGDTLVNRIELFGIDFKEDGNILGHKLEYNYNSHNVYIMADKQKNGIKVNFKIRHNIEDGSVQLADHYQQNTPIGDGPVLLPDNHYLSTQSALSKDPNEKRDHMVLLEFVTAAGITHGMDELEW,3.248706
68A:81H:235P:211T,MSKGEELFTGVVPILVELDGDVNGHKFSVSGEGEGDATYGKLTLKFICTTGKLPVPWPTLVTTLSYGVACFSRYPDHMKQHHFFKSAMPEGYVQERTIFFKDDGNYKTRAEVKFEGDTLVNRIELKGIDFKEDGNILGHKLEYNYNSHNVYIMADKQKNGIKVNFKIRHNIEDGSVQLADHYQQNTPIGDGPVLLPDNHYLSTQSALSKDPTEKRDHMVLLEFVTAAGITHGMDEPYK,3.2474964
107F:115M:204M:188R,MSKGEELFTGVVPILVELDGDVNGHKFSVSGEGEGDATYGKLTLKFICTTGKLPVPWPTLVTTLSYGVQCFSRYPDHMKQHDFFKSAMPEGYVQERTIFFKDDGNYKFRAEVKFEMDTLVNRIELKGIDFKEDGNILGHKLEYNYNSHNVYIMADKQKNGIKVNFKIRHNIEDGSVQLADHYQQNTPIRDGPVLLPDNHYLSTQMALSKDPNEKRDHMVLLEFVTAAGITHGMDELYK,3.245797
103C:120A:156N:5M,MSKGEMLFTGVVPILVELDGDVNGHKFSVSGEGEGDATYGKLTLKFICTTGKLPVPWPTLVTTLSYGVQCFSRYPDHMKQHDFFKSAMPEGYVQERTIFFKDDCNYKTRAEVKFEGDTLVARIELKGIDFKEDGNILGHKLEYNYNSHNVYIMADKNKNGIKVNFKIRHNIEDGSVQLADHYQQNTPIGDGPVLLPDNHYLSTQSALSKDPNEKRDHMVLLEFVTAAGITHGMDELYK,3.2421975
117H:176C:159T:225E,MSKGEELFTGVVPILVELDGDVNGHKFSVSGEGEGDATYGKLTLKFICTTGKLPVPWPTLVTTLSYGVQCFSRYPDHMKQHDFFKSAMPEGYVQERTIFFKDDGNYKTRAEVKFEGDHLVNRIELKGIDFKEDGNILGHKLEYNYNSHNVYIMADKQKNTIKVNFKIRHNIEDGSVCLADHYQQNTPIGDGPVLLPDNHYLSTQSALSKDPNEKRDHMVLLEFVTEAGITHGMDELYK,3.2344077
5C:57T:223D:107Y,MSKGECLFTGVVPILVELDGDVNGHKFSVSGEGEGDATYGKLTLKFICTTGKLPVPWTTLVTTLSYGVQCFSRYPDHMKQHDFFKSAMPEGYVQERTIFFKDDGNYKYRAEVKFEGDTLVNRIELKGIDFKEDGNILGHKLEYNYNSHNVYIMADKQKNGIKVNFKIRHNIEDGSVQLADHYQQNTPIGDGPVLLPDNHYLSTQSALSKDPNEKRDHMVLLEFDTAAGITHGMDELYK,3.2270405
143H:135F:138I:25T,MSKGEELFTGVVPILVELDGDVNGHTFSVSGEGEGDATYGKLTLKFICTTGKLPVPWPTLVTTLSYGVQCFSRYPDHMKQHDFFKSAMPEGYVQERTIFFKDDGNYKTRAEVKFEGDTLVNRIELKGIDFKEDGNFLGIKLEYHYNSHNVYIMADKQKNGIKVNFKIRHNIEDGSVQLADHYQQNTPIGDGPVLLPDNHYLSTQSALSKDPNEKRDHMVLLEFVTAAGITHGMDELYK,3.1805565
237G:110K:83Y:42R,MSKGEELFTGVVPILVELDGDVNGHKFSVSGEGEGDATYGKLRLKFICTTGKLPVPWPTLVTTLSYGVQCFSRYPDHMKQHDFYKSAMPEGYVQERTIFFKDDGNYKTRAKVKFEGDTLVNRIELKGIDFKEDGNILGHKLEYNYNSHNVYIMADKQKNGIKVNFKIRHNIEDGSVQLADHYQQNTPIGDGPVLLPDNHYLSTQSALSKDPNEKRDHMVLLEFVTAAGITHGMDELYG,3.173257
41G:206Y:144Q:1F,MFKGEELFTGVVPILVELDGDVNGHKFSVSGEGEGDATYGKGTLKFICTTGKLPVPWPTLVTTLSYGVQCFSRYPDHMKQHDFFKSAMPEGYVQERTIFFKDDGNYKTRAEVKFEGDTLVNRIELKGIDFKEDGNILGHKLEYNQNSHNVYIMADKQKNGIKVNFKIRHNIEDGSVQLADHYQQNTPIGDGPVLLPDNHYLSTQSAYSKDPNEKRDHMVLLEFVTAAGITHGMDELYK,3.168492
79E:237F:112I:16S,MSKGEELFTGVVPILVSLDGDVNGHKFSVSGEGEGDATYGKLTLKFICTTGKLPVPWPTLVTTLSYGVQCFSRYPDHMKEHDFFKSAMPEGYVQERTIFFKDDGNYKTRAEVIFEGDTLVNRIELKGIDFKEDGNILGHKLEYNYNSHNVYIMADKQKNGIKVNFKIRHNIEDGSVQLADHYQQNTPIGDGPVLLPDNHYLSTQSALSKDPNEKRDHMVLLEFVTAAGITHGMDELYF,3.164066
41W:56V:132K:214H,MSKGEELFTGVVPILVELDGDVNGHKFSVSGEGEGDATYGKWTLKFICTTGKLPVPVPTLVTTLSYGVQCFSRYPDHMKQHDFFKSAMPEGYVQERTIFFKDDGNYKTRAEVKFEGDTLVNRIELKGIDFKEKGNILGHKLEYNYNSHNVYIMADKQKNGIKVNFKIRHNIEDGSVQLADHYQQNTPIGDGPVLLPDNHYLSTQSALSKDPNEKHDHMVLLEFVTAAGITHGMDELYK,3.152117
114M:14T:22H:189C,MSKGEELFTGVVPITVELDGDVHGHKFSVSGEGEGDATYGKLTLKFICTTGKLPVPWPTLVTTLSYGVQCFSRYPDHMKQHDFFKSAMPEGYVQERTIFFKDDGNYKTRAEVKFMGDTLVNRIELKGIDFKEDGNILGHKLEYNYNSHNVYIMADKQKNGIKVNFKIRHNIEDGSVQLADHYQQNTPIGCGPVLLPDNHYLSTQSALSKDPNEKRDHMVLLEFVTAAGITHGMDELYK,3.1436534
157Q:138L:105M:77Q,MSKGEELFTGVVPILVELDGDVNGHKFSVSGEGEGDATYGKLTLKFICTTGKLPVPWPTLVTTLSYGVQCFSRYPDHQKQHDFFKSAMPEGYVQERTIFFKDDGNMKTRAEVKFEGDTLVNRIELKGIDFKEDGNILGLKLEYNYNSHNVYIMADKQQNGIKVNFKIRHNIEDGSVQLADHYQQNTPIGDGPVLLPDNHYLSTQSALSKDPNEKRDHMVLLEFVTAAGITHGMDELYK,3.1413283
3K:72T:163R:41F,MSKKEELFTGVVPILVELDGDVNGHKFSVSGEGEGDATYGKFTLKFICTTGKLPVPWPTLVTTLSYGVQCFSTYPDHMKQHDFFKSAMPEGYVQERTIFFKDDGNYKTRAEVKFEGDTLVNRIELKGIDFKEDGNILGHKLEYNYNSHNVYIMADKQKNGIKVRFKIRHNIEDGSVQLADHYQQNTPIGDGPVLLPDNHYLSTQSALSKDPNEKRDHMVLLEFVTAAGITHGMDELYK,3.1379578
45I:37G:31F:201T,MSKGEELFTGVVPILVELDGDVNGHKFSVSGFGEGDAGYGKLTLKIICTTGKLPVPWPTLVTTLSYGVQCFSRYPDHMKQHDFFKSAMPEGYVQERTIFFKDDGNYKTRAEVKFEGDTLVNRIELKGIDFKEDGNILGHKLEYNYNSHNVYIMADKQKNGIKVNFKIRHNIEDGSVQLADHYQQNTPIGDGPVLLPDNHYLTTQSALSKDPNEKRDHMVLLEFVTAAGITHGMDELYK,3.1349914
235T:225F:74W:231A,MSKGEELFTGVVPILVELDGDVNGHKFSVSGEGEGDATYGKLTLKFICTTGKLPVPWPTLVTTLSYGVQCFSRYWDHMKQHDFFKSAMPEGYVQERTIFFKDDGNYKTRAEVKFEGDTLVNRIELKGIDFKEDGNILGHKLEYNYNSHNVYIMADKQKNGIKVNFKIRHNIEDGSVQLADHYQQNTPIGDGPVLLPDNHYLSTQSALSKDPNEKRDHMVLLEFVTFAGITHAMDETYK,3.1235273
132Y:123N:138Q:197D,MSKGEELFTGVVPILVELDGDVNGHKFSVSGEGEGDATYGKLTLKFICTTGKLPVPWPTLVTTLSYGVQCFSRYPDHMKQHDFFKSAMPEGYVQERTIFFKDDGNYKTRAEVKFEGDTLVNRINLKGIDFKEYGNILGQKLEYNYNSHNVYIMADKQKNGIKVNFKIRHNIEDGSVQLADHYQQNTPIGDGPVLLPDDHYLSTQSALSKDPNEKRDHMVLLEFVTAAGITHGMDELYK,3.1184552
132L:212K:181L:165I,MSKGEELFTGVVPILVELDGDVNGHKFSVSGEGEGDATYGKLTLKFICTTGKLPVPWPTLVTTLSYGVQCFSRYPDHMKQHDFFKSAMPEGYVQERTIFFKDDGNYKTRAEVKFEGDTLVNRIELKGIDFKELGNILGHKLEYNYNSHNVYIMADKQKNGIKVNFIIRHNIEDGSVQLADHLQQNTPIGDGPVLLPDNHYLSTQSALSKDPNKKRDHMVLLEFVTAAGITHGMDELYK,3.114498
113K:96G:211H:116S,MSKGEELFTGVVPILVELDGDVNGHKFSVSGEGEGDATYGKLTLKFICTTGKLPVPWPTLVTTLSYGVQCFSRYPDHMKQHDFFKSAMPEGYVQERGIFFKDDGNYKTRAEVKKEGSTLVNRIELKGIDFKEDGNILGHKLEYNYNSHNVYIMADKQKNGIKVNFKIRHNIEDGSVQLADHYQQNTPIGDGPVLLPDNHYLSTQSALSKDPHEKRDHMVLLEFVTAAGITHGMDELYK,3.1144826
20A:38W:148H:132Q,MSKGEELFTGVVPILVELDGAVNGHKFSVSGEGEGDATWGKLTLKFICTTGKLPVPWPTLVTTLSYGVQCFSRYPDHMKQHDFFKSAMPEGYVQERTIFFKDDGNYKTRAEVKFEGDTLVNRIELKGIDFKEQGNILGHKLEYNYNSHHVYIMADKQKNGIKVNFKIRHNIEDGSVQLADHYQQNTPIGDGPVLLPDNHYLSTQSALSKDPNEKRDHMVLLEFVTAAGITHGMDELYK,3.1054342
195R:98I:48H:24A,MSKGEELFTGVVPILVELDGDVNGAKFSVSGEGEGDATYGKLTLKFICHTGKLPVPWPTLVTTLSYGVQCFSRYPDHMKQHDFFKSAMPEGYVQERTIIFKDDGNYKTRAEVKFEGDTLVNRIELKGIDFKEDGNILGHKLEYNYNSHNVYIMADKQKNGIKVNFKIRHNIEDGSVQLADHYQQNTPIGDGPVLLRDNHYLSTQSALSKDPNEKRDHMVLLEFVTAAGITHGMDELYK,3.0956707
20T:74C:110H:57A,MSKGEELFTGVVPILVELDGTVNGHKFSVSGEGEGDATYGKLTLKFICTTGKLPVPWATLVTTLSYGVQCFSRYCDHMKQHDFFKSAMPEGYVQERTIFFKDDGNYKTRAHVKFEGDTLVNRIELKGIDFKEDGNILGHKLEYNYNSHNVYIMADKQKNGIKVNFKIRHNIEDGSVQLADHYQQNTPIGDGPVLLPDNHYLSTQSALSKDPNEKRDHMVLLEFVTAAGITHGMDELYK,3.0670574
33N:55D:118M:211R,MSKGEELFTGVVPILVELDGDVNGHKFSVSGEGNGDATYGKLTLKFICTTGKLPVDWPTLVTTLSYGVQCFSRYPDHMKQHDFFKSAMPEGYVQERTIFFKDDGNYKTRAEVKFEGDTMVNRIELKGIDFKEDGNILGHKLEYNYNSHNVYIMADKQKNGIKVNFKIRHNIEDGSVQLADHYQQNTPIGDGPVLLPDNHYLSTQSALSKDPREKRDHMVLLEFVTAAGITHGMDELYK,3.0550408
204P:3V:136F:104F,MSKVEELFTGVVPILVELDGDVNGHKFSVSGEGEGDATYGKLTLKFICTTGKLPVPWPTLVTTLSYGVQCFSRYPDHMKQHDFFKSAMPEGYVQERTIFFKDDGFYKTRAEVKFEGDTLVNRIELKGIDFKEDGNIFGHKLEYNYNSHNVYIMADKQKNGIKVNFKIRHNIEDGSVQLADHYQQNTPIGDGPVLLPDNHYLSTQPALSKDPNEKRDHMVLLEFVTAAGITHGMDELYK,3.0434859
110V:192D:131I:14H,MSKGEELFTGVVPIHVELDGDVNGHKFSVSGEGEGDATYGKLTLKFICTTGKLPVPWPTLVTTLSYGVQCFSRYPDHMKQHDFFKSAMPEGYVQERTIFFKDDGNYKTRAVVKFEGDTLVNRIELKGIDFKIDGNILGHKLEYNYNSHNVYIMADKQKNGIKVNFKIRHNIEDGSVQLADHYQQNTPIGDGPDLLPDNHYLSTQSALSKDPNEKRDHMVLLEFVTAAGITHGMDELYK,3.0426688
233P:199P:237F:203I,MSKGEELFTGVVPILVELDGDVNGHKFSVSGEGEGDATYGKLTLKFICTTGKLPVPWPTLVTTLSYGVQCFSRYPDHMKQHDFFKSAMPEGYVQERTIFFKDDGNYKTRAEVKFEGDTLVNRIELKGIDFKEDGNILGHKLEYNYNSHNVYIMADKQKNGIKVNFKIRHNIEDGSVQLADHYQQNTPIGDGPVLLPDNHPLSTISALSKDPNEKRDHMVLLEFVTAAGITHGMPELYF,3.0297549
142V:233F:86F:212S,MSKGEELFTGVVPILVELDGDVNGHKFSVSGEGEGDATYGKLTLKFICTTGKLPVPWPTLVTTLSYGVQCFSRYPDHMKQHDFFKSFMPEGYVQERTIFFKDDGNYKTRAEVKFEGDTLVNRIELKGIDFKEDGNILGHKLEVNYNSHNVYIMADKQKNGIKVNFKIRHNIEDGSVQLADHYQQNTPIGDGPVLLPDNHYLSTQSALSKDPNSKRDHMVLLEFVTAAGITHGMFELYK,2.9961088
112S:59V:195K:215Q,MSKGEELFTGVVPILVELDGDVNGHKFSVSGEGEGDATYGKLTLKFICTTGKLPVPWPTVVTTLSYGVQCFSRYPDHMKQHDFFKSAMPEGYVQERTIFFKDDGNYKTRAEVSFEGDTLVNRIELKGIDFKEDGNILGHKLEYNYNSHNVYIMADKQKNGIKVNFKIRHNIEDGSVQLADHYQQNTPIGDGPVLLKDNHYLSTQSALSKDPNEKRQHMVLLEFVTAAGITHGMDELYK,2.9921796
2H:192H:197Y:89R,MSHGEELFTGVVPILVELDGDVNGHKFSVSGEGEGDATYGKLTLKFICTTGKLPVPWPTLVTTLSYGVQCFSRYPDHMKQHDFFKSAMPRGYVQERTIFFKDDGNYKTRAEVKFEGDTLVNRIELKGIDFKEDGNILGHKLEYNYNSHNVYIMADKQKNGIKVNFKIRHNIEDGSVQLADHYQQNTPIGDGPHLLPDYHYLSTQSALSKDPNEKRDHMVLLEFVTAAGITHGMDELYK,2.9883006
58Q:192K:100I:159I,MSKGEELFTGVVPILVELDGDVNGHKFSVSGEGEGDATYGKLTLKFICTTGKLPVPWPQLVTTLSYGVQCFSRYPDHMKQHDFFKSAMPEGYVQERTIFFIDDGNYKTRAEVKFEGDTLVNRIELKGIDFKEDGNILGHKLEYNYNSHNVYIMADKQKNIIKVNFKIRHNIEDGSVQLADHYQQNTPIGDGPKLLPDNHYLSTQSALSKDPNEKRDHMVLLEFVTAAGITHGMDELYK,2.9702413
46C:107Q:237G:137H,MSKGEELFTGVVPILVELDGDVNGHKFSVSGEGEGDATYGKLTLKFCCTTGKLPVPWPTLVTTLSYGVQCFSRYPDHMKQHDFFKSAMPEGYVQERTIFFKDDGNYKQRAEVKFEGDTLVNRIELKGIDFKEDGNILHHKLEYNYNSHNVYIMADKQKNGIKVNFKIRHNIEDGSVQLADHYQQNTPIGDGPVLLPDNHYLSTQSALSKDPNEKRDHMVLLEFVTAAGITHGMDELYG,2.9699667
228Q:6W:44S:211H,MSKGEEWFTGVVPILVELDGDVNGHKFSVSGEGEGDATYGKLTLSFICTTGKLPVPWPTLVTTLSYGVQCFSRYPDHMKQHDFFKSAMPEGYVQERTIFFKDDGNYKTRAEVKFEGDTLVNRIELKGIDFKEDGNILGHKLEYNYNSHNVYIMADKQKNGIKVNFKIRHNIEDGSVQLADHYQQNTPIGDGPVLLPDNHYLSTQSALSKDPHEKRDHMVLLEFVTAAGQTHGMDELYK,2.964814
114T:234C:44F:156H,MSKGEELFTGVVPILVELDGDVNGHKFSVSGEGEGDATYGKLTLFFICTTGKLPVPWPTLVTTLSYGVQCFSRYPDHMKQHDFFKSAMPEGYVQERTIFFKDDGNYKTRAEVKFTGDTLVNRIELKGIDFKEDGNILGHKLEYNYNSHNVYIMADKHKNGIKVNFKIRHNIEDGSVQLADHYQQNTPIGDGPVLLPDNHYLSTQSALSKDPNEKRDHMVLLEFVTAAGITHGMDCLYK,2.9596994
60Q:196I:31H:130Q,MSKGEELFTGVVPILVELDGDVNGHKFSVSGHGEGDATYGKLTLKFICTTGKLPVPWPTLQTTLSYGVQCFSRYPDHMKQHDFFKSAMPEGYVQERTIFFKDDGNYKTRAEVKFEGDTLVNRIELKGIDFQEDGNILGHKLEYNYNSHNVYIMADKQKNGIKVNFKIRHNIEDGSVQLADHYQQNTPIGDGPVLLPINHYLSTQSALSKDPNEKRDHMVLLEFVTAAGITHGMDELYK,2.8824327
46S:201V:61S:106L,MSKGEELFTGVVPILVELDGDVNGHKFSVSGEGEGDATYGKLTLKFSCTTGKLPVPWPTLVSTLSYGVQCFSRYPDHMKQHDFFKSAMPEGYVQERTIFFKDDGNYLTRAEVKFEGDTLVNRIELKGIDFKEDGNILGHKLEYNYNSHNVYIMADKQKNGIKVNFKIRHNIEDGSVQLADHYQQNTPIGDGPVLLPDNHYLVTQSALSKDPNEKRDHMVLLEFVTAAGITHGMDELYK,2.821545
140I:228Y:153N:233W,MSKGEELFTGVVPILVELDGDVNGHKFSVSGEGEGDATYGKLTLKFICTTGKLPVPWPTLVTTLSYGVQCFSRYPDHMKQHDFFKSAMPEGYVQERTIFFKDDGNYKTRAEVKFEGDTLVNRIELKGIDFKEDGNILGHKIEYNYNSHNVYIMNDKQKNGIKVNFKIRHNIEDGSVQLADHYQQNTPIGDGPVLLPDNHYLSTQSALSKDPNEKRDHMVLLEFVTAAGYTHGMWELYK,2.795562
54F:46G:78R:173N,MSKGEELFTGVVPILVELDGDVNGHKFSVSGEGEGDATYGKLTLKFGCTTGKLPFPWPTLVTTLSYGVQCFSRYPDHMRQHDFFKSAMPEGYVQERTIFFKDDGNYKTRAEVKFEGDTLVNRIELKGIDFKEDGNILGHKLEYNYNSHNVYIMADKQKNGIKVNFKIRHNIEDNSVQLADHYQQNTPIGDGPVLLPDNHYLSTQSALSKDPNEKRDHMVLLEFVTAAGITHGMDELYK,2.794768
168L:164S:29F:35W,MSKGEELFTGVVPILVELDGDVNGHKFSVFGEGEGWATYGKLTLKFICTTGKLPVPWPTLVTTLSYGVQCFSRYPDHMKQHDFFKSAMPEGYVQERTIFFKDDGNYKTRAEVKFEGDTLVNRIELKGIDFKEDGNILGHKLEYNYNSHNVYIMADKQKNGIKVNSKIRLNIEDGSVQLADHYQQNTPIGDGPVLLPDNHYLSTQSALSKDPNEKRDHMVLLEFVTAAGITHGMDELYK,2.7671113
204T:123Q:212K:207W,MSKGEELFTGVVPILVELDGDVNGHKFSVSGEGEGDATYGKLTLKFICTTGKLPVPWPTLVTTLSYGVQCFSRYPDHMKQHDFFKSAMPEGYVQERTIFFKDDGNYKTRAEVKFEGDTLVNRIQLKGIDFKEDGNILGHKLEYNYNSHNVYIMADKQKNGIKVNFKIRHNIEDGSVQLADHYQQNTPIGDGPVLLPDNHYLSTQTALWKDPNKKRDHMVLLEFVTAAGITHGMDELYK,2.7482388
175F:2L:194A:50E,MSLGEELFTGVVPILVELDGDVNGHKFSVSGEGEGDATYGKLTLKFICTTEKLPVPWPTLVTTLSYGVQCFSRYPDHMKQHDFFKSAMPEGYVQERTIFFKDDGNYKTRAEVKFEGDTLVNRIELKGIDFKEDGNILGHKLEYNYNSHNVYIMADKQKNGIKVNFKIRHNIEDGSFQLADHYQQNTPIGDGPVLAPDNHYLSTQSALSKDPNEKRDHMVLLEFVTAAGITHGMDELYK,2.6948948
27I:206I:55D:139W,MSKGEELFTGVVPILVELDGDVNGHKFIVSGEGEGDATYGKLTLKFICTTGKLPVDWPTLVTTLSYGVQCFSRYPDHMKQHDFFKSAMPEGYVQERTIFFKDDGNYKTRAEVKFEGDTLVNRIELKGIDFKEDGNILGHWLEYNYNSHNVYIMADKQKNGIKVNFKIRHNIEDGSVQLADHYQQNTPIGDGPVLLPDNHYLSTQSAISKDPNEKRDHMVLLEFVTAAGITHGMDELYK,2.694188
110V:94C:230W:231A,MSKGEELFTGVVPILVELDGDVNGHKFSVSGEGEGDATYGKLTLKFICTTGKLPVPWPTLVTTLSYGVQCFSRYPDHMKQHDFFKSAMPEGYVQCRTIFFKDDGNYKTRAVVKFEGDTLVNRIELKGIDFKEDGNILGHKLEYNYNSHNVYIMADKQKNGIKVNFKIRHNIEDGSVQLADHYQQNTPIGDGPVLLPDNHYLSTQSALSKDPNEKRDHMVLLEFVTAAGITWAMDELYK,2.614487
235V:161H:136T:146C,MSKGEELFTGVVPILVELDGDVNGHKFSVSGEGEGDATYGKLTLKFICTTGKLPVPWPTLVTTLSYGVQCFSRYPDHMKQHDFFKSAMPEGYVQERTIFFKDDGNYKTRAEVKFEGDTLVNRIELKGIDFKEDGNITGHKLEYNYNCHNVYIMADKQKNGIHVNFKIRHNIEDGSVQLADHYQQNTPIGDGPVLLPDNHYLSTQSALSKDPNEKRDHMVLLEFVTAAGITHGMDEVYK,2.5563593
48M:42N:33K:62W,MSKGEELFTGVVPILVELDGDVNGHKFSVSGEGKGDATYGKLNLKFICMTGKLPVPWPTLVTWLSYGVQCFSRYPDHMKQHDFFKSAMPEGYVQERTIFFKDDGNYKTRAEVKFEGDTLVNRIELKGIDFKEDGNILGHKLEYNYNSHNVYIMADKQKNGIKVNFKIRHNIEDGSVQLADHYQQNTPIGDGPVLLPDNHYLSTQSALSKDPNEKRDHMVLLEFVTAAGITHGMDELYK,2.4634783
194K:176S:71C:167L,MSKGEELFTGVVPILVELDGDVNGHKFSVSGEGEGDATYGKLTLKFICTTGKLPVPWPTLVTTLSYGVQCFCRYPDHMKQHDFFKSAMPEGYVQERTIFFKDDGNYKTRAEVKFEGDTLVNRIELKGIDFKEDGNILGHKLEYNYNSHNVYIMADKQKNGIKVNFKILHNIEDGSVSLADHYQQNTPIGDGPVLKPDNHYLSTQSALSKDPNEKRDHMVLLEFVTAAGITHGMDELYK,2.4526155
61A:206C:27I:188D,MSKGEELFTGVVPILVELDGDVNGHKFIVSGEGEGDATYGKLTLKFICTTGKLPVPWPTLVATLSYGVQCFSRYPDHMKQHDFFKSAMPEGYVQERTIFFKDDGNYKTRAEVKFEGDTLVNRIELKGIDFKEDGNILGHKLEYNYNSHNVYIMADKQKNGIKVNFKIRHNIEDGSVQLADHYQQNTPIDDGPVLLPDNHYLSTQSACSKDPNEKRDHMVLLEFVTAAGITHGMDELYK,2.3956406
77C:224N:175M:124I,MSKGEELFTGVVPILVELDGDVNGHKFSVSGEGEGDATYGKLTLKFICTTGKLPVPWPTLVTTLSYGVQCFSRYPDHCKQHDFFKSAMPEGYVQERTIFFKDDGNYKTRAEVKFEGDTLVNRIEIKGIDFKEDGNILGHKLEYNYNSHNVYIMADKQKNGIKVNFKIRHNIEDGSMQLADHYQQNTPIGDGPVLLPDNHYLSTQSALSKDPNEKRDHMVLLEFVNAAGITHGMDELYK,2.2926848
171I:176V:129Q:231W,MSKGEELFTGVVPILVELDGDVNGHKFSVSGEGEGDATYGKLTLKFICTTGKLPVPWPTLVTTLSYGVQCFSRYPDHMKQHDFFKSAMPEGYVQERTIFFKDDGNYKTRAEVKFEGDTLVNRIELKGIDQKEDGNILGHKLEYNYNSHNVYIMADKQKNGIKVNFKIRHNIIDGSVVLADHYQQNTPIGDGPVLLPDNHYLSTQSALSKDPNEKRDHMVLLEFVTAAGITHWMDELYK,2.2419906
190H:9T:230G:205H,MSKGEELFTTVVPILVELDGDVNGHKFSVSGEGEGDATYGKLTLKFICTTGKLPVPWPTLVTTLSYGVQCFSRYPDHMKQHDFFKSAMPEGYVQERTIFFKDDGNYKTRAEVKFEGDTLVNRIELKGIDFKEDGNILGHKLEYNYNSHNVYIMADKQKNGIKVNFKIRHNIEDGSVQLADHYQQNTPIGDHPVLLPDNHYLSTQSHLSKDPNEKRDHMVLLEFVTAAGITGGMDELYK,2.173844
195T:5N:118Q:136M,MSKGENLFTGVVPILVELDGDVNGHKFSVSGEGEGDATYGKLTLKFICTTGKLPVPWPTLVTTLSYGVQCFSRYPDHMKQHDFFKSAMPEGYVQERTIFFKDDGNYKTRAEVKFEGDTQVNRIELKGIDFKEDGNIMGHKLEYNYNSHNVYIMADKQKNGIKVNFKIRHNIEDGSVQLADHYQQNTPIGDGPVLLTDNHYLSTQSALSKDPNEKRDHMVLLEFVTAAGITHGMDELYK,2.004759
191Y:17Y:4A:100A,MSKGAELFTGVVPILVEYDGDVNGHKFSVSGEGEGDATYGKLTLKFICTTGKLPVPWPTLVTTLSYGVQCFSRYPDHMKQHDFFKSAMPEGYVQERTIFFADDGNYKTRAEVKFEGDTLVNRIELKGIDFKEDGNILGHKLEYNYNSHNVYIMADKQKNGIKVNFKIRHNIEDGSVQLADHYQQNTPIGDGYVLLPDNHYLSTQSALSKDPNEKRDHMVLLEFVTAAGITHGMDELYK,1.9792874
145W:175T:169L:196K,MSKGEELFTGVVPILVELDGDVNGHKFSVSGEGEGDATYGKLTLKFICTTGKLPVPWPTLVTTLSYGVQCFSRYPDHMKQHDFFKSAMPEGYVQERTIFFKDDGNYKTRAEVKFEGDTLVNRIELKGIDFKEDGNILGHKLEYNYWSHNVYIMADKQKNGIKVNFKIRHLIEDGSTQLADHYQQNTPIGDGPVLLPKNHYLSTQSALSKDPNEKRDHMVLLEFVTAAGITHGMDELYK,1.8068151
4Q:131C:201D:187T,MSKGQELFTGVVPILVELDGDVNGHKFSVSGEGEGDATYGKLTLKFICTTGKLPVPWPTLVTTLSYGVQCFSRYPDHMKQHDFFKSAMPEGYVQERTIFFKDDGNYKTRAEVKFEGDTLVNRIELKGIDFKCDGNILGHKLEYNYNSHNVYIMADKQKNGIKVNFKIRHNIEDGSVQLADHYQQNTPTGDGPVLLPDNHYLDTQSALSKDPNEKRDHMVLLEFVTAAGITHGMDELYK,1.7962792
2Y:225C:107N:218T,MSYGEELFTGVVPILVELDGDVNGHKFSVSGEGEGDATYGKLTLKFICTTGKLPVPWPTLVTTLSYGVQCFSRYPDHMKQHDFFKSAMPEGYVQERTIFFKDDGNYKNRAEVKFEGDTLVNRIELKGIDFKEDGNILGHKLEYNYNSHNVYIMADKQKNGIKVNFKIRHNIEDGSVQLADHYQQNTPIGDGPVLLPDNHYLSTQSALSKDPNEKRDHMTLLEFVTCAGITHGMDELYK,1.7058613
110S:9I:86G:201A,MSKGEELFTIVVPILVELDGDVNGHKFSVSGEGEGDATYGKLTLKFICTTGKLPVPWPTLVTTLSYGVQCFSRYPDHMKQHDFFKSGMPEGYVQERTIFFKDDGNYKTRASVKFEGDTLVNRIELKGIDFKEDGNILGHKLEYNYNSHNVYIMADKQKNGIKVNFKIRHNIEDGSVQLADHYQQNTPIGDGPVLLPDNHYLATQSALSKDPNEKRDHMVLLEFVTAAGITHGMDELYK,1.4701645
